Week,Date,Year,Month,Month_Name,Quarter,Week_of_Year,Seasonality_Index,Spend_PaidSearch,Spend_PaidSocial,Spend_Email,Spend_Influencer,Total_Marketing_Spend,SEO_Organic_Index,Revenue,Orders,Avg_Order_Value,New_Visitors,Conversion_Rate_Pct,Adstock_PaidSearch,Adstock_PaidSocial,Adstock_Email,Adstock_Influencer,Trend_Index,Sin_52,Cos_52,Sin_26,Cos_26,Is_Q4,Is_BlackFriday,Is_Christmas,Is_January,Is_Summer
1,2023-01-02,2023,1,January,1,1,0.75,9698.69,5028.23,766.2,0.0,15493.12,0.6611,140883.48,1992,70.72,17118,11.637,9698.69,5028.23,766.2,0.0,0.009615384615384616,0.12053668025532305,0.992708874098054,0.23931566428755774,0.970941817426052,0,0,0,1,0
2,2023-01-09,2023,1,January,1,2,0.75,9444.69,5367.43,1033.22,0.0,15845.34,0.6342,150692.71,2336,64.51,18973,12.312,12839.2315,7630.1335,1186.46,0.0,0.019230769230769232,0.23931566428755774,0.970941817426052,0.4647231720437685,0.8854560256532099,0,0,0,1,0
3,2023-01-16,2023,1,January,1,3,0.75,9759.08,6256.71,770.67,11.37,16797.83,0.6963,158595.15,2240,70.8,18355,12.204,14252.811024999999,9690.270075,1007.962,11.37,0.028846153846153848,0.3546048870425356,0.9350162426854148,0.6631226582407952,0.7485107481711011,0,0,0,1,0
4,2023-01-23,2023,1,January,1,4,0.75,10109.21,5229.75,815.85,0.0,16154.8,0.6211,154616.41,2188,70.67,17059,12.826,15097.693858749997,9590.37153375,1017.4424,6.2535,0.038461538461538464,0.4647231720437685,0.8854560256532099,0.8229838658936564,0.5680647467311559,0,0,0,1,0
5,2023-01-30,2023,1,January,1,5,0.75,9406.34,5279.53,801.32,6149.75,21636.94,0.6257,175871.66,3005,58.53,24155,12.44,14690.532850562498,9595.1971901875,1004.80848,6153.189425,0.04807692307692308,0.5680647467311558,0.8229838658936564,0.9350162426854148,0.35460488704253557,0,0,0,1,0
6,2023-02-06,2023,2,February,1,6,1.15,10206.35,6480.33,897.11,6018.17,23601.96,0.6886,197509.11,2753,71.74,21539,12.781,15348.036497696874,10798.168735584375,1098.071696,9402.424183750001,0.057692307692307696,0.6631226582407952,0.7485107481711011,0.992708874098054,0.120536680255323,0,0,0,0,0
7,2023-02-13,2023,2,February,1,7,1.15,10931.69,5373.74,819.78,3412.5,20537.7,0.7144,190390.43,2687,70.86,21528,12.481,16303.502774193905,10232.915931012969,1039.3943392,8583.833301062501,0.0673076923076923,0.7485107481711011,0.6631226582407953,0.992708874098054,-0.12053668025532288,0,0,0,0,0
8,2023-02-20,2023,2,February,1,8,1.0,10306.97,5984.09,860.72,0.0,17151.78,0.7133,185644.05,2459,75.5,22196,11.079,16013.195970967867,10588.902168955836,1068.5988678400001,4721.108315584376,0.07692307692307693,0.8229838658936564,0.5680647467311559,0.9350162426854148,-0.35460488704253545,0,0,0,0,0
9,2023-02-27,2023,2,February,1,9,1.0,9812.21,6036.14,738.17,61.94,16648.46,0.6625,183365.55,2256,81.28,18105,12.461,15416.828589838751,10801.145976030126,951.889773568,2658.549573571407,0.08653846153846154,0.8854560256532099,0.4647231720437686,0.8229838658936565,-0.5680647467311557,0,0,0,0,0
10,2023-03-06,2023,3,March,1,10,1.0,10217.02,7477.95,781.05,0.0,18476.02,0.7308,182083.86,2345,77.65,23018,10.188,15612.910006443562,12338.465689213557,971.4279547136,1462.202265464274,0.09615384615384616,0.9350162426854148,0.35460488704253557,0.6631226582407952,-0.7485107481711012,0,0,0,0,0
11,2023-03-13,2023,3,March,1,11,1.0,9814.63,5884.58,761.17,0.0,16460.39,0.702,179074.86,2534,70.67,22164,11.433,15279.148502255246,11436.8895601461,955.4555909427199,804.2112460053507,0.10576923076923077,0.970941817426052,0.23931566428755804,0.46472317204376906,-0.8854560256532096,0,0,0,0,0
12,2023-03-20,2023,3,March,1,12,1.1,10013.71,6530.93,836.55,36.55,17417.74,0.7674,180942.3,2722,66.47,23388,11.638,15361.411975789335,11677.530302065745,1027.641118188544,478.86618530294294,0.11538461538461539,0.992708874098054,0.120536680255323,0.23931566428755768,-0.970941817426052,0,0,0,0,0
13,2023-03-27,2023,3,March,1,13,1.1,10296.78,6329.17,1015.17,36.74,17677.88,0.763,182621.74,2151,84.9,17360,12.391,15673.274191526267,11584.058635929585,1220.6982236377087,300.11640191661866,0.125,1.0,-1.6081226496766366e-16,-3.216245299353273e-16,-1.0,0,0,0,0,0
14,2023-04-03,2023,4,April,2,14,1.1,9434.69,5648.79,680.62,0.0,15764.1,0.7271,176117.55,2436,72.3,21558,11.3,14920.335967034192,10861.616386168313,924.7596447275417,165.06402105414028,0.1346153846153846,0.992708874098054,-0.12053668025532288,-0.23931566428755743,-0.9709418174260521,0,0,0,0,0
15,2023-04-10,2023,4,April,2,15,1.1,9510.03,7035.69,884.9,0.0,17430.63,0.7417,179617.63,2492,72.08,20464,12.177,14732.147588461969,11923.417373775741,1069.8519289455085,90.78521157977717,0.14423076923076922,0.9709418174260521,-0.2393156642875575,-0.46472317204376806,-0.8854560256532101,0,0,0,0,0
16,2023-04-17,2023,4,April,2,16,1.1,9975.08,6801.16,700.98,34.81,17512.04,0.7257,176959.04,2461,71.91,21068,11.681,15131.331655961689,12166.697818199083,914.9503857891017,84.74186636887745,0.15384615384615385,0.9350162426854148,-0.35460488704253545,-0.663122658240795,-0.7485107481711013,0,0,0,0,0
17,2023-04-24,2023,4,April,2,17,1.0,9594.87,6474.62,762.25,0.0,16831.73,0.7547,172706.29,2366,73.0,23139,10.225,14890.836079586592,11949.634018189587,945.2400771578203,46.6080265028826,0.16346153846153846,0.8854560256532099,-0.4647231720437685,-0.8229838658936564,-0.5680647467311559,0,0,0,0,0
18,2023-05-01,2023,5,May,2,18,1.0,10125.7,5454.37,887.12,6610.21,23077.39,0.783,189433.23,2657,71.3,22456,11.832,15337.492627855307,10831.705308185314,1076.168015431564,6635.844414576585,0.17307692307692307,0.8229838658936565,-0.5680647467311557,-0.9350162426854147,-0.3546048870425359,0,0,0,0,0
19,2023-05-08,2023,5,May,2,19,1.0,9636.79,6841.68,805.14,5021.01,22304.62,0.7213,189906.52,2747,69.13,24928,11.02,15004.912419749358,11715.947388683391,1020.3736030863129,8670.724428017122,0.18269230769230768,0.7485107481711013,-0.663122658240795,-0.992708874098054,-0.12053668025532357,0,0,0,0,0
20,2023-05-15,2023,5,May,2,20,1.0,9435.08,5158.89,713.78,6305.83,21613.58,0.7614,189136.09,2730,69.28,22245,12.272,14686.799346912274,10431.066324907526,917.8547206172625,11074.728435409417,0.19230769230769232,0.6631226582407952,-0.7485107481711012,-0.992708874098054,0.1205366802553232,0,0,0,0,0
21,2023-05-22,2023,5,May,2,21,1.0,10586.26,6352.11,742.78,46.64,17727.79,0.7249,189364.55,2636,71.84,22359,11.789,15726.639771419295,11046.089846208386,926.3509441234525,6137.740639475181,0.20192307692307693,0.5680647467311558,-0.8229838658936564,-0.9350162426854148,0.35460488704253557,0,0,0,0,0
22,2023-05-29,2023,5,May,2,22,1.0,9909.69,7314.27,854.37,221.3,18299.63,0.7107,187180.88,2701,69.3,25349,10.655,15414.013919996753,12285.010430793775,1039.6401888246905,3597.05735171135,0.21153846153846154,0.46472317204376906,-0.8854560256532096,-0.822983865893657,0.5680647467311548,0,0,0,0,0
23,2023-06-05,2023,6,June,2,23,1.0,10027.01,5405.68,741.57,128.65,16302.91,0.7242,184159.65,2690,68.46,22021,12.216,15421.914871998863,10933.934693857198,949.4980377649382,2107.031543441243,0.22115384615384615,0.35460488704253584,-0.9350162426854147,-0.6631226582407955,0.7485107481711007,0,0,0,0,1
24,2023-06-12,2023,6,June,2,24,1.2,9830.1,6360.22,877.32,0.0,17067.64,0.6889,193147.13,2662,72.56,25039,10.631,15227.770205199602,11280.490612235739,1067.2196075529878,1158.8673488926836,0.23076923076923078,0.23931566428755768,-0.970941817426052,-0.4647231720437684,0.88545602565321,0,0,0,0,1
25,2023-06-19,2023,6,June,2,25,1.2,10182.25,6759.79,863.65,0.0,17805.68,0.6954,189748.21,2682,70.75,23746,11.295,15511.96957181986,11836.010775506082,1077.0939215105975,637.377041890976,0.2403846153846154,0.12053668025532308,-0.992708874098054,-0.2393156642875578,0.970941817426052,0,0,0,0,1
26,2023-06-26,2023,6,June,2,26,1.2,10444.37,6397.91,807.87,0.0,17650.16,0.6681,185114.31,2327,79.55,19125,12.167,15873.559350136951,11724.114848977737,1023.2887843021196,350.5573730400368,0.25,-3.216245299353273e-16,-1.0,6.432490598706546e-16,1.0,0,0,0,0,1
27,2023-07-03,2023,7,July,3,27,1.0,9539.6,5069.6,971.52,0.0,15580.72,0.7549,178937.14,3045,58.76,26845,11.343,15095.345772547933,10345.451682039982,1176.1777568604239,192.80655517202024,0.25961538461538464,-0.12053668025532283,-0.992708874098054,0.23931566428755732,0.9709418174260521,0,0,0,0,1
28,2023-07-10,2023,7,July,3,28,1.0,10150.28,6041.14,850.71,0.0,17042.13,0.6891,173892.38,2245,77.46,20174,11.128,15433.651020391777,10696.593256917993,1085.9455513720848,106.04360534461114,0.2692307692307692,-0.23931566428755743,-0.9709418174260521,0.46472317204376795,0.8854560256532102,0,0,0,0,1
29,2023-07-17,2023,7,July,3,29,1.0,9759.74,5362.62,637.99,48.41,15808.76,0.6595,167636.34,2142,78.26,18872,11.35,15161.517857137122,10176.086965613096,855.179110274417,106.73398293953613,0.27884615384615385,-0.3546048870425356,-0.9350162426854148,0.6631226582407952,0.7485107481711011,0,0,0,0,1
30,2023-07-24,2023,7,July,3,30,1.0,9883.32,6284.16,814.92,0.0,16982.39,0.6799,170783.38,2770,61.65,21370,12.962,15189.851249997992,10863.399134525895,985.9558220548834,58.70369061674488,0.28846153846153844,-0.46472317204376806,-0.8854560256532101,0.8229838658936558,0.5680647467311567,0,0,0,0,1
31,2023-07-31,2023,7,July,3,31,1.0,9759.32,5448.35,747.06,4358.1,20312.82,0.6638,182729.85,2599,70.31,21146,12.291,15075.767937499297,10336.879610536653,944.2511644109766,4390.38702983921,0.2980769230769231,-0.5680647467311556,-0.8229838658936566,0.9350162426854147,0.354604887042536,0,0,0,0,1
32,2023-08-07,2023,8,August,3,32,1.15,11040.91,7454.96,913.19,6812.0,26221.07,0.6551,199161.5,2839,70.15,23780,11.939,16317.428778124753,12106.555824741494,1102.0402328821954,9226.712866411566,0.3076923076923077,-0.663122658240795,-0.7485107481711013,0.9927088740980539,0.12053668025532369,0,0,0,0,1
33,2023-08-14,2023,8,August,3,33,1.15,10294.6,6055.05,781.6,4556.81,21688.05,0.6756,198658.4,3058,64.96,25879,11.817,16005.700072343665,11503.000121133671,1002.0080465764391,9631.502076526362,0.3173076923076923,-0.7485107481711011,-0.6631226582407952,0.992708874098054,-0.12053668025532309,0,0,0,0,1
34,2023-08-21,2023,8,August,3,34,1.15,9876.92,6331.76,835.82,60.26,17104.76,0.6764,198784.52,2918,68.12,25708,11.351,15478.915025320282,11508.110054510153,1036.2216093152879,5357.5861420895,0.3269230769230769,-0.8229838658936564,-0.5680647467311559,0.9350162426854148,-0.35460488704253545,0,0,0,0,1
35,2023-08-28,2023,8,August,3,35,1.15,10629.02,7013.11,885.4,103.52,18631.05,0.6355,194972.0,2934,66.45,25199,11.643,16046.640258862099,12191.759524529569,1092.6443218630575,3050.192378149225,0.33653846153846156,-0.8854560256532096,-0.4647231720437691,0.8229838658936571,-0.5680647467311547,0,0,0,0,1
36,2023-09-04,2023,9,September,3,36,1.15,9811.66,5786.48,914.26,0.0,16512.4,0.6332,190200.76,2355,80.76,18445,12.768,15427.984090601734,11272.771786038305,1132.7888643726114,1677.6058079820739,0.34615384615384615,-0.9350162426854147,-0.3546048870425359,0.6631226582407956,-0.7485107481711006,0,0,0,0,0
37,2023-09-11,2023,9,September,3,37,1.15,10383.55,6661.48,748.98,33.61,17827.61,0.6427,189365.99,2469,76.7,21455,11.508,15783.344431710606,11734.227303717238,975.5377728745223,956.2931943901407,0.3557692307692308,-0.970941817426052,-0.23931566428755774,0.4647231720437685,-0.8854560256532099,0,0,0,0,0
38,2023-09-18,2023,9,September,3,38,1.0,9216.13,6784.29,773.24,1.89,16775.55,0.5837,174169.91,2222,78.38,19565,11.357,14740.300551098711,12064.692286672758,968.3475545749045,527.8512569145774,0.36538461538461536,-0.992708874098054,-0.12053668025532357,0.23931566428755877,-0.9709418174260518,0,0,0,0,0
39,2023-09-25,2023,9,September,3,39,1.0,9468.73,5035.51,762.0,14.65,15280.89,0.6105,175505.91,2321,75.62,20378,11.39,14627.835192884548,10464.621529002741,955.669510914981,304.9681913030176,0.375,-1.0,-1.8369701987210297e-16,3.6739403974420594e-16,-1.0,0,0,0,0,0
40,2023-10-02,2023,10,October,4,40,1.0,10078.74,6110.78,747.73,0.0,16937.26,0.7017,176995.44,2667,66.36,24110,11.062,15198.482317509592,10819.859688051234,938.8639021829962,167.7325052166597,0.38461538461538464,-0.992708874098054,0.1205366802553232,-0.23931566428755807,-0.9709418174260519,1,0,0,0,0
41,2023-10-09,2023,10,October,4,41,1.0,10295.39,6155.93,941.24,3.68,17396.23,0.7163,174352.46,2513,69.38,22408,11.215,15614.858811128357,11024.866859623056,1129.0127804365993,95.93287786916284,0.3942307692307692,-0.9709418174260521,0.23931566428755738,-0.46472317204376784,-0.8854560256532102,1,0,0,0,0
42,2023-10-16,2023,10,October,4,42,1.0,10068.55,6469.09,832.4,74.7,17444.74,0.667,178841.99,2402,74.46,20968,11.456,15533.750583894924,11430.280086830375,1058.2025560873199,127.46308282803957,0.40384615384615385,-0.9350162426854148,0.35460488704253557,-0.6631226582407951,-0.7485107481711012,1,0,0,0,0
43,2023-10-23,2023,10,October,4,43,1.0,9953.74,5257.83,699.13,217.67,16128.37,0.7008,177492.88,2693,65.91,22796,11.813,15390.552704363223,10401.45603907367,910.770511217464,287.7746955554218,0.41346153846153844,-0.8854560256532101,0.464723172043768,-0.8229838658936557,-0.5680647467311568,1,0,0,0,0
44,2023-10-30,2023,10,October,4,44,1.0,9879.56,5207.73,873.43,3187.24,19147.95,0.703,186716.33,2470,75.59,18943,13.039,15266.253446527127,9888.38521758315,1055.5841022434927,3345.5160825554817,0.4230769230769231,-0.822983865893657,0.5680647467311548,-0.9350162426854141,-0.3546048870425378,1,0,0,0,0
45,2023-11-06,2023,11,November,4,45,1.55,10508.59,8238.16,1134.77,6944.51,26826.03,0.7975,221855.11,3133,70.81,27303,11.475,15851.778706284495,12687.933347912418,1345.8868204486985,8784.543845405515,0.4326923076923077,-0.7485107481711011,0.6631226582407952,-0.992708874098054,-0.12053668025532294,1,0,0,0,0
46,2023-11-13,2023,11,November,4,46,1.55,10812.06,8103.19,1047.6,3365.15,23328.0,0.7513,225335.91,3213,70.13,27644,11.623,16360.182547199573,13812.760006560587,1316.7773640897396,8196.649114973034,0.4423076923076923,-0.6631226582407955,0.7485107481711007,-0.9927088740980541,0.12053668025532208,1,0,0,0,0
47,2023-11-20,2023,11,November,4,47,2.1,12015.74,10000.3,1008.45,130.85,23155.34,0.7274,243448.78,3222,75.56,27824,11.58,17741.80389151985,16216.042002952265,1271.805472817948,4639.007013235169,0.4519230769230769,-0.5680647467311559,0.8229838658936564,-0.9350162426854149,0.35460488704253534,1,1,0,0,0
48,2023-11-27,2023,11,November,4,48,2.1,12622.85,10057.87,1091.26,27.5,23799.48,0.7169,243140.08,3275,74.24,25746,12.72,18832.481362031947,17355.08890132852,1345.6210945635896,2578.9538572793435,0.46153846153846156,-0.4647231720437684,0.88545602565321,-0.8229838658936562,0.5680647467311561,1,1,0,0,0
49,2023-12-04,2023,12,December,4,49,1.85,11837.45,8566.99,1156.35,328.47,21889.26,0.7123,229803.89,3273,70.21,26051,12.564,18428.81847671118,16376.780005597833,1425.4742189127178,1746.8946215036392,0.47115384615384615,-0.35460488704253595,0.9350162426854147,-0.6631226582407957,0.7485107481711006,1,0,0,0,0
50,2023-12-11,2023,12,December,4,50,1.85,10994.78,9114.35,998.39,0.0,21107.52,0.7822,225765.04,2901,77.82,26186,11.078,17444.866466848915,16483.901002519025,1283.4848437825435,960.7920418270016,0.4807692307692308,-0.2393156642875578,0.970941817426052,-0.4647231720437686,0.8854560256532099,1,0,0,0,0
51,2023-12-18,2023,12,December,4,51,2.3,12729.63,10725.84,1225.51,0.0,24680.98,0.7693,248396.92,3729,66.61,31622,11.792,18835.33326339712,18143.595451133562,1482.2069687565088,528.435623004851,0.49038461538461536,-0.12053668025532363,0.992708874098054,-0.2393156642875589,0.9709418174260518,1,0,1,0,0
52,2023-12-25,2023,12,December,4,52,2.3,12445.97,10121.39,1251.97,0.0,23819.33,0.7653,244293.46,3253,75.1,28758,11.312,19038.33664218899,18286.007953010103,1548.4113937513018,290.63959265266806,0.5,6.432490598706546e-16,1.0,1.2864981197413093e-15,1.0,1,0,1,0,0
53,2024-01-01,2024,1,January,1,1,0.75,9229.23,6244.46,650.85,0.0,16124.54,0.8047,172148.8,2296,74.98,19548,11.745,15892.647824766147,14473.163578854546,960.5322787502604,159.85177595896744,0.5096153846153846,0.12053668025532305,0.992708874098054,0.23931566428755774,0.970941817426052,0,0,0,1,0
54,2024-01-08,2024,1,January,1,2,0.75,9744.67,5409.3,720.24,0.0,15874.21,0.8075,166766.95,2367,70.45,20154,11.745,15307.096738668151,11922.223610484547,912.3464557500521,87.91847677743209,0.5192307692307693,0.23931566428755774,0.970941817426052,0.4647231720437685,0.8854560256532099,0,0,0,1,0
55,2024-01-15,2024,1,January,1,3,0.75,9912.4,4410.22,465.7,0.0,14788.32,0.9061,163324.6,2218,73.64,19893,11.15,15269.883858533853,9775.220624718047,648.1692911500104,48.355162227587655,0.5288461538461539,0.3546048870425356,0.9350162426854148,0.6631226582407952,0.7485107481711011,0,0,0,1,0
56,2024-01-22,2024,1,January,1,4,0.75,9872.51,5518.93,643.05,22.56,16057.05,0.8969,164716.82,2505,65.76,20646,12.133,15216.969350486848,9917.779281123123,772.683858230002,49.15533922517321,0.5384615384615384,0.4647231720437685,0.8854560256532099,0.8229838658936564,0.5680647467311559,0,0,0,1,0
57,2024-01-29,2024,1,January,1,5,0.75,9164.31,4540.19,704.79,4328.52,18737.82,0.8846,179978.03,2348,76.65,20070,11.699,14490.249272670397,9003.190676505405,859.3267716460003,4355.555436573845,0.5480769230769231,0.5680647467311558,0.8229838658936564,0.9350162426854148,0.35460488704253557,0,0,0,1,0
58,2024-02-05,2024,2,February,1,6,1.15,10176.32,6997.25,745.18,7081.67,25000.42,0.9427,201569.59,2835,71.1,23442,12.094,15247.907245434639,11048.685804427432,917.0453543292,9477.225490115616,0.5576923076923077,0.6631226582407952,0.7485107481711011,0.992708874098054,0.120536680255323,0,0,0,0,0
59,2024-02-12,2024,2,February,1,7,1.15,10432.51,7220.16,975.59,6944.99,25573.25,0.9132,206790.43,2980,69.39,24682,12.074,15769.277535902123,12192.068611992345,1158.9990708658402,12157.464019563587,0.5673076923076923,0.7485107481711011,0.6631226582407953,0.992708874098054,-0.12053668025532288,0,0,0,0,0
60,2024-02-19,2024,2,February,1,8,1.0,10390.22,5507.59,685.59,0.0,16583.4,0.8965,193340.55,2502,77.27,20880,11.983,15909.467137565742,10994.020875396556,917.3898141731681,6686.6052107599735,0.5769230769230769,0.8229838658936564,0.5680647467311559,0.9350162426854148,-0.35460488704253545,0,0,0,0,0
61,2024-02-26,2024,2,February,1,9,1.0,9808.33,6578.03,764.8,0.0,17151.15,0.9782,192604.04,2812,68.49,24214,11.613,15376.643498148009,11525.33939392845,948.2779628346336,3677.632865917986,0.5865384615384616,0.8854560256532099,0.4647231720437686,0.8229838658936565,-0.5680647467311557,0,0,0,0,0
62,2024-03-04,2024,3,March,1,10,1.0,9925.74,6247.67,810.46,73.79,17057.65,0.9577,191726.2,2951,64.97,24377,12.106,15307.565224351802,11434.072727267803,1000.1155925669268,2096.4880762548923,0.5961538461538461,0.9350162426854148,0.35460488704253557,0.6631226582407952,-0.7485107481711012,0,0,0,0,0
63,2024-03-11,2024,3,March,1,11,1.0,9557.47,6493.24,915.3,0.0,16966.0,0.918,190318.34,2963,64.23,27045,10.956,14915.117828523129,11638.572727270512,1115.3231185133855,1153.068441940191,0.6057692307692307,0.970941817426052,0.23931566428755804,0.46472317204376906,-0.8854560256532096,0,0,0,0,0
64,2024-03-18,2024,3,March,1,12,1.1,9721.52,7488.08,715.13,274.72,18199.44,0.9496,190275.65,2535,75.06,20413,12.419,14941.811239983095,12725.43772727173,938.1946237026771,908.9076430671051,0.6153846153846154,0.992708874098054,0.120536680255323,0.23931566428755768,-0.970941817426052,0,0,0,0,0
65,2024-03-25,2024,3,March,1,13,1.1,10525.01,6202.77,923.05,176.92,17827.75,0.9337,194087.64,2958,65.61,24866,11.896,15754.643933994084,11929.21697727228,1110.6889247405354,676.8192036869078,0.625,1.0,-1.6081226496766366e-16,-3.216245299353273e-16,-1.0,0,0,0,0,0
66,2024-04-01,2024,4,April,2,14,1.1,10742.5,5897.76,830.82,0.0,17471.07,0.9218,192285.05,2380,80.79,19706,12.078,16256.62537689793,11265.907639772526,1052.957784948107,372.25056202779933,0.6346153846153846,0.992708874098054,-0.12053668025532288,-0.23931566428755743,-0.9709418174260521,0,0,0,0,0
67,2024-04-08,2024,4,April,2,15,1.1,10171.2,5816.29,751.48,0.0,16738.97,0.9929,187996.98,3052,61.6,28150,10.842,15861.018881914275,10885.948437897638,962.0715569896214,204.73780911528965,0.6442307692307693,0.9709418174260521,-0.2393156642875575,-0.46472317204376806,-0.8854560256532101,0,0,0,0,0
68,2024-04-15,2024,4,April,2,16,1.1,10601.41,5860.51,866.97,203.08,17531.98,1.0228,193322.09,2402,80.48,20653,11.63,16152.766608669996,10759.186797053937,1059.3843113979242,315.68579501340935,0.6538461538461539,0.9350162426854148,-0.35460488704253545,-0.663122658240795,-0.7485107481711013,0,0,0,0,0
69,2024-04-22,2024,4,April,2,17,1.0,10144.65,5953.74,815.92,0.0,16914.32,0.9226,181248.5,2480,73.08,22359,11.092,15798.118313034498,10795.374058674272,1027.7968622795847,173.62718725737514,0.6634615384615384,0.8854560256532099,-0.4647231720437685,-0.8229838658936564,-0.5680647467311559,0,0,0,0,0
70,2024-04-29,2024,4,April,2,18,1.0,9741.95,6204.69,751.98,5479.42,22178.05,0.9792,193626.26,2707,71.53,20998,12.892,15271.291409562074,11062.608326403422,957.5393724559169,5574.914952991557,0.6730769230769231,0.8229838658936565,-0.5680647467311557,-0.9350162426854147,-0.3546048870425359,0,0,0,0,0
71,2024-05-06,2024,5,May,2,19,1.0,10144.56,6166.01,805.58,5527.35,22643.51,0.9393,195130.26,2816,69.29,24312,11.583,15489.511993346725,11144.18374688154,997.0878744911835,8593.553224145357,0.6826923076923077,0.7485107481711013,-0.663122658240795,-0.992708874098054,-0.12053668025532357,0,0,0,0,0
72,2024-05-13,2024,5,May,2,20,1.0,10615.21,6496.31,769.17,4793.78,22674.48,0.9397,202258.93,2733,74.01,24446,11.18,16036.539197671353,11511.192686096692,968.5875748982367,9520.234273279946,0.6923076923076923,0.6631226582407952,-0.7485107481711012,-0.992708874098054,0.1205366802553232,0,0,0,0,0
73,2024-05-20,2024,5,May,2,21,1.0,9985.67,6007.8,809.08,0.79,16803.34,0.931,197514.72,2750,71.82,23488,11.708,15598.458719184973,11187.83670874351,1002.7975149796474,5236.91885030397,0.7019230769230769,0.5680647467311558,-0.8229838658936564,-0.9350162426854148,0.35460488704253557,0,0,0,0,0
74,2024-05-27,2024,5,May,2,22,1.0,10625.86,6872.12,852.97,7.05,18358.0,0.9166,195029.65,2515,77.55,22717,11.071,16085.32055171474,11906.64651893458,1053.5295029959295,2887.355367667184,0.7115384615384616,0.46472317204376906,-0.8854560256532096,-0.822983865893657,0.5680647467311548,0,0,0,0,0
75,2024-06-03,2024,6,June,2,23,1.0,8952.1,5841.21,926.88,0.0,15720.19,0.9369,191669.84,2641,72.57,21765,12.134,14581.96219310016,11199.200933520562,1137.5859005991858,1588.0454522169514,0.7211538461538461,0.35460488704253584,-0.9350162426854147,-0.6631226582407955,0.7485107481711007,0,0,0,0,1
76,2024-06-10,2024,6,June,2,24,1.2,10728.76,8332.1,760.97,93.43,19915.26,0.903,197368.96,2712,72.78,24963,10.864,15832.446767585056,13371.740420084254,988.4871801198371,966.8549987193232,0.7307692307692307,0.23931566428755768,-0.970941817426052,-0.4647231720437684,0.88545602565321,0,0,0,0,1
77,2024-06-17,2024,6,June,2,25,1.2,10434.82,7075.4,1030.64,0.0,18540.86,0.9282,203880.93,2905,70.18,28031,10.364,15976.17636865477,13092.683189037914,1228.3374360239675,531.7702492956279,0.7403846153846154,0.12053668025532308,-0.992708874098054,-0.2393156642875578,0.970941817426052,0,0,0,0,1
78,2024-06-24,2024,6,June,2,26,1.2,10280.4,6185.71,703.83,0.0,17169.94,0.9105,194315.35,2709,71.73,22535,12.021,15872.061729029168,12077.417435067062,949.4974872047935,292.4736371125954,0.75,-3.216245299353273e-16,-1.0,6.432490598706546e-16,1.0,0,0,0,0,1
79,2024-07-01,2024,7,July,3,27,1.0,10036.7,5357.46,787.86,18.04,16200.07,0.8968,183024.28,2488,73.56,20593,12.082,15591.921605160209,10792.297845780178,977.7594974409587,178.90050041192745,0.7596153846153846,-0.12053668025532283,-0.992708874098054,0.23931566428755732,0.9709418174260521,0,0,0,0,1
80,2024-07-08,2024,7,July,3,28,1.0,9204.97,6289.48,847.07,77.17,16418.69,0.8688,183840.74,2897,63.46,26729,10.838,14662.142561806071,11146.01403060108,1042.6218994881917,175.56527522656012,0.7692307692307693,-0.23931566428755743,-0.9709418174260521,0.46472317204376795,0.8854560256532102,0,0,0,0,1
81,2024-07-15,2024,7,July,3,29,1.0,9912.13,5865.92,822.48,106.74,16707.28,0.8712,183971.33,2819,65.26,26187,10.765,15043.879896632123,10881.626313770486,1031.0043798976385,203.3009013746081,0.7788461538461539,-0.3546048870425356,-0.9350162426854148,0.6631226582407952,0.7485107481711011,0,0,0,0,1
82,2024-07-22,2024,7,July,3,30,1.0,10142.85,6428.4,750.18,0.0,17321.43,0.9042,182634.2,2412,75.72,19871,12.138,15408.207963821242,11325.131841196719,956.3808759795277,111.81549575603445,0.7884615384615384,-0.46472317204376806,-0.8854560256532101,0.8229838658936558,0.5680647467311567,0,0,0,0,1
83,2024-07-29,2024,7,July,3,31,1.0,10591.16,6283.94,783.35,4172.84,21831.29,0.8902,194874.67,2674,72.88,22167,12.063,15984.032787337434,11380.249328538524,974.6261751959056,4234.338522665819,0.7980769230769231,-0.5680647467311556,-0.8229838658936566,0.9350162426854147,0.354604887042536,0,0,0,0,1
84,2024-08-05,2024,8,August,3,32,1.15,10092.69,6481.3,805.56,4506.31,21885.86,0.8404,205724.21,2894,71.09,24191,11.963,15687.101475568103,11602.412197842335,1000.4852350391811,6835.196187466201,0.8076923076923077,-0.663122658240795,-0.7485107481711013,0.9927088740980539,0.12053668025532369,0,0,0,0,1
85,2024-08-12,2024,8,August,3,33,1.15,9976.6,6016.92,797.85,5739.92,22531.3,0.8681,209614.89,2907,72.11,22755,12.775,15467.085516448835,11238.005489029052,997.9470470078363,9499.277903106411,0.8173076923076923,-0.7485107481711011,-0.6631226582407952,0.992708874098054,-0.12053668025532309,0,0,0,0,1
86,2024-08-19,2024,8,August,3,34,1.15,10099.3,5616.09,912.97,0.0,16628.36,0.8842,206637.87,2802,73.75,22529,12.437,15512.779930757091,10673.192470063073,1112.5594094015673,5224.602846708526,0.8269230769230769,-0.8229838658936564,-0.5680647467311559,0.9350162426854148,-0.35460488704253545,0,0,0,0,1
87,2024-08-26,2024,8,August,3,35,1.15,10666.16,6257.09,873.56,232.67,18029.49,0.8094,204803.55,2955,69.31,23633,12.504,16095.632975764982,11060.026611528383,1096.0718818803134,3106.2015656896897,0.8365384615384616,-0.8854560256532096,-0.4647231720437691,0.8229838658936571,-0.5680647467311547,0,0,0,0,1
88,2024-09-02,2024,9,September,3,36,1.15,10431.5,7038.84,789.57,17.35,18277.26,0.8748,199224.4,2925,68.11,23739,12.321,16064.971541517743,12015.851975187772,1008.7843763760627,1725.7608611293294,0.8461538461538461,-0.9350162426854147,-0.3546048870425359,0.6631226582407956,-0.7485107481711006,0,0,0,0,0
89,2024-09-09,2024,9,September,3,37,1.15,10088.1,6653.46,916.97,176.89,17835.41,0.839,196925.15,2698,72.99,22886,11.789,15710.84003953121,12060.593388834499,1118.7268752752125,1126.0584736211313,0.8557692307692307,-0.970941817426052,-0.23931566428755774,0.4647231720437685,-0.8854560256532099,0,0,0,0,0
90,2024-09-16,2024,9,September,3,38,1.0,10205.31,5252.56,824.58,10.13,16292.58,0.8778,188131.16,2803,67.12,24153,11.605,15704.104013835922,10679.827024975526,1048.3253750550425,629.4621604916223,0.8653846153846154,-0.992708874098054,-0.12053668025532357,0.23931566428755877,-0.9709418174260518,0,0,0,0,0
91,2024-09-23,2024,9,September,3,39,1.0,10038.83,6103.91,865.03,309.11,17316.88,0.8411,188613.98,2547,74.05,23624,10.781,15535.266404842572,10909.832161238986,1074.6950750110086,655.3141882703924,0.875,-1.0,-1.8369701987210297e-16,3.6739403974420594e-16,-1.0,0,0,0,0,0
92,2024-09-30,2024,9,September,3,40,1.0,10387.46,6231.19,850.37,263.3,17732.32,0.8146,190566.33,3001,63.5,24010,12.499,15824.803241694899,11140.614472557543,1065.3090150022017,623.7228035487158,0.8846153846153846,-0.992708874098054,0.1205366802553232,-0.23931566428755807,-0.9709418174260519,0,0,0,0,0
93,2024-10-07,2024,10,October,4,41,1.0,9719.18,5469.69,733.68,0.0,15922.54,0.8261,181391.21,2351,77.15,21140,11.121,15257.861134593215,10482.966512650895,946.7418030004403,343.0475419517937,0.8942307692307693,-0.9709418174260521,0.23931566428755738,-0.46472317204376784,-0.8854560256532102,1,0,0,0,0
94,2024-10-14,2024,10,October,4,42,1.0,9868.94,6092.24,755.19,145.74,16862.09,0.8839,188075.9,2529,74.37,21225,11.915,15209.191397107625,10809.574930692903,944.5383606000881,334.4161480734865,0.9038461538461539,-0.9350162426854148,0.35460488704253557,-0.6631226582407951,-0.7485107481711012,1,0,0,0,0
95,2024-10-21,2024,10,October,4,43,1.0,9843.16,6034.93,859.78,96.81,16834.67,0.8992,185787.43,2535,73.29,21484,11.799,15166.376988987668,10899.238718811806,1048.6876721200176,280.7388814404176,0.9134615384615384,-0.8854560256532101,0.464723172043768,-0.8229838658936557,-0.5680647467311568,1,0,0,0,0
96,2024-10-28,2024,10,October,4,44,1.0,9414.59,5314.22,848.83,6214.79,21792.43,0.8746,196935.54,2560,76.93,22623,11.316,14722.821946145683,10218.877423465314,1058.5675344240035,6369.19638479223,0.9230769230769231,-0.822983865893657,0.5680647467311548,-0.9350162426854141,-0.3546048870425378,1,0,0,0,0
97,2024-11-04,2024,11,November,4,45,1.55,11218.45,8139.67,963.33,6166.32,26487.76,0.9323,228474.01,2844,80.34,22577,12.597,16371.43768115099,12738.164840559391,1175.0435068848008,9669.378011635727,0.9326923076923077,-0.7485107481711011,0.6631226582407952,-0.992708874098054,-0.12053668025532294,1,0,0,0,0
98,2024-11-11,2024,11,November,4,46,1.55,11204.42,8261.47,974.39,6261.38,26701.66,0.8758,229593.14,2978,77.1,25882,11.506,16934.423188402845,13993.644178251725,1209.3987013769602,11579.53790639965,0.9423076923076923,-0.6631226582407955,0.7485107481711007,-0.9927088740980541,0.12053668025532208,1,0,0,0,0
99,2024-11-18,2024,11,November,4,47,2.1,12202.05,10499.83,1232.21,158.76,24092.85,0.9372,262099.44,4173,62.81,35817,11.651,18129.098115940993,16796.969880213277,1474.0897402753922,6527.505848519808,0.9519230769230769,-0.5680647467311559,0.8229838658936564,-0.9350162426854149,0.35460488704253534,1,1,0,0,0
100,2024-11-25,2024,11,November,4,48,2.1,12106.17,10482.28,1082.67,0.0,23671.12,0.9172,258348.03,3938,65.6,34442,11.434,18451.354340579346,18040.916446095976,1377.4879480550785,3590.1282166858946,0.9615384615384616,-0.4647231720437684,0.88545602565321,-0.8229838658936562,0.5680647467311561,1,1,0,0,0
101,2024-12-02,2024,12,December,4,49,1.85,11133.85,8148.4,1098.77,0.0,20381.02,0.949,240337.99,3489,68.88,30160,11.568,17591.824019202773,16266.812400743189,1374.2675896110156,1974.5705191772422,0.9711538461538461,-0.35460488704253595,0.9350162426854147,-0.6631226582407957,0.7485107481711006,1,0,0,0,0
102,2024-12-09,2024,12,December,4,50,1.85,11531.74,8412.3,1038.82,0.0,20982.87,0.9855,237572.21,3293,72.14,32033,10.28,17688.87840672097,15732.365580334434,1313.673517922203,1086.0137855474834,0.9807692307692307,-0.2393156642875578,0.970941817426052,-0.4647231720437686,0.8854560256532099,1,0,0,0,0
103,2024-12-16,2024,12,December,4,51,2.3,12462.91,10859.02,1172.59,0.0,24494.52,0.9741,260814.04,3496,74.6,28601,12.223,18654.01744235234,17938.584511150497,1435.3247035844406,597.3075820511159,0.9903846153846154,-0.12053668025532363,0.992708874098054,-0.2393156642875589,0.9709418174260518,1,0,1,0,0
104,2024-12-23,2024,12,December,4,52,2.3,12279.09,10858.27,1277.9,107.63,24522.89,1.0045,265381.54,3881,68.38,31958,12.144,18807.996104823316,18930.633030017725,1564.9649407168881,436.1491701281138,1.0,6.432490598706546e-16,1.0,1.2864981197413093e-15,1.0,1,0,1,0,0
